"prefix","joker","rarity","winDelta","heatDelta","runs","wins","winRate","avgTerminalHeat","avgHeatsCleared","heatsClearedDelta","avgScore","avgJokerTriggersPerHand","jokerActiveHandRate","over70"
"PAIRCSV","rule_breaker+safe_cracker","wild+rare","0.751000","0.8040","1000","806","0.806000","11.8340","11.6400","1.5550","11875.42","3.6235","1.000000","1"
"PAIRCSV","trainer+survivor","wild+wild","0.746000","0.8960","1000","801","0.801000","11.9260","11.7270","1.6420","12429.24","3.8975","1.000000","1"
"PAIRCSV","survivor+safe_cracker","wild+rare","0.741000","0.9180","1000","796","0.796000","11.9480","11.7440","1.6590","12591.39","3.7937","1.000000","1"
"PAIRCSV","trainer+rule_breaker","wild+wild","0.736000","0.8380","1000","791","0.791000","11.8680","11.6590","1.5740","11852.23","3.7821","1.000000","1"
"PAIRCSV","flushfund+trainer","wild+wild","0.699000","0.9060","1000","754","0.754000","11.9360","11.6900","1.6050","13455.40","4.1333","0.999273","1"
"PAIRCSV","blood_money+rule_breaker","wild+wild","0.699000","0.6740","1000","754","0.754000","11.7040","11.4580","1.3730","12175.44","3.6201","0.999764","1"
"PAIRCSV","flushfund+rule_breaker","wild+wild","0.696000","0.6490","1000","751","0.751000","11.6790","11.4300","1.3450","12634.96","3.3585","0.999076","1"
"PAIRCSV","flushfund+survivor","wild+wild","0.694000","0.6830","1000","749","0.749000","11.7130","11.4620","1.3770","13639.17","3.5259","0.998979","1"
"PAIRCSV","blood_money+survivor","wild+wild","0.692000","0.7030","1000","747","0.747000","11.7330","11.4800","1.3950","13024.79","3.7729","0.999752","1"
"PAIRCSV","overclock+rule_breaker","wild+wild","0.690000","0.6130","1000","745","0.745000","11.6430","11.3880","1.3030","14207.46","3.7332","1.000000","1"
"PAIRCSV","trainer+danger_music","wild+rare","0.683000","0.9250","1000","738","0.738000","11.9550","11.6930","1.6080","12917.98","4.0513","0.998953","1"
"PAIRCSV","rule_breaker+danger_music","wild+rare","0.675000","0.6240","1000","730","0.730000","11.6540","11.3840","1.2990","11950.51","3.2427","0.998909","1"
"PAIRCSV","flushfund+blood_money","wild+wild","0.669000","0.7590","1000","724","0.724000","11.7890","11.5130","1.4280","14777.62","3.9826","0.999183","1"
"PAIRCSV","trainer+blood_money","wild+wild","0.663000","0.9250","1000","718","0.718000","11.9550","11.6730","1.5880","13125.72","4.3581","1.000000","1"
"PAIRCSV","overclock+survivor","wild+wild","0.660000","0.6250","1000","715","0.715000","11.6550","11.3700","1.2850","15674.58","3.8996","1.000000","1"
"PAIRCSV","survivor+danger_music","wild+rare","0.658000","0.6870","1000","713","0.713000","11.7170","11.4300","1.3450","12398.80","3.3962","0.998996","1"
"PAIRCSV","trainer+modded","wild+rare","0.654000","0.8880","1000","709","0.709000","11.9180","11.6270","1.5420","12070.26","3.9118","1.000000","1"
"PAIRCSV","flushfund+safe_cracker","wild+rare","0.652000","0.8840","1000","707","0.707000","11.9140","11.6210","1.5360","13558.90","3.9871","0.999263","1"
"PAIRCSV","flushfund+surge","wild+wild","0.650000","0.8880","1000","705","0.705000","11.9180","11.6230","1.5380","14174.96","4.0159","0.999031","1"
"PAIRCSV","flushfund+danger_music","wild+rare","0.649000","0.7670","1000","704","0.704000","11.7970","11.5010","1.4160","13697.92","3.5873","0.996448","1"
"PAIRCSV","flushfund+modded","wild+rare","0.640000","0.6870","1000","695","0.695000","11.7170","11.4120","1.3270","12982.65","3.5344","0.999056","0"
"PAIRCSV","modded+safe_cracker","rare+rare","0.638000","0.9090","1000","693","0.693000","11.9390","11.6320","1.5470","12177.05","3.8068","1.000000","0"
"PAIRCSV","rule_breaker+purist","wild+wild","0.636000","0.6050","1000","691","0.691000","11.6350","11.3260","1.2410","11790.59","3.7389","0.999724","0"
"PAIRCSV","blood_money+danger_music","wild+rare","0.600000","0.7150","1000","655","0.655000","11.7450","11.4000","1.3150","12983.55","3.8580","0.998765","0"
"PAIRCSV","survivor+purist","wild+wild","0.598000","0.6590","1000","653","0.653000","11.6890","11.3420","1.2570","12524.24","3.8941","0.999758","0"
"PAIRCSV","overclock+blood_money","wild+wild","0.595000","0.6070","1000","650","0.650000","11.6370","11.2870","1.2020","17934.20","4.3165","1.000000","0"
"PAIRCSV","flushfund+overclock","wild+wild","0.594000","0.6880","1000","649","0.649000","11.7180","11.3670","1.2820","18681.14","4.1116","0.999214","0"
"PAIRCSV","flushfund+purist","wild+wild","0.580000","0.7460","1000","635","0.635000","11.7760","11.4110","1.3260","14158.84","4.1283","0.998893","0"
"PAIRCSV","trainer+purist","wild+wild","0.578000","0.9040","1000","633","0.633000","11.9340","11.5670","1.4820","12905.80","4.4844","1.000000","0"
"PAIRCSV","blood_money+modded","wild+rare","0.577000","0.7040","1000","632","0.632000","11.7340","11.3660","1.2810","12448.14","3.7791","0.999759","0"
"PAIRCSV","trainer+safe_cracker","wild+rare","0.574000","0.9080","1000","629","0.629000","11.9380","11.5670","1.4820","12058.46","4.4994","0.999827","0"
"PAIRCSV","overclock+danger_music","wild+rare","0.559000","0.6220","1000","614","0.614000","11.6520","11.2660","1.1810","14672.50","3.8292","0.999038","0"
"PAIRCSV","blood_money+safe_cracker","wild+rare","0.553000","0.8470","1000","608","0.608000","11.8770","11.4850","1.4000","12864.71","4.3280","0.999899","0"
"PAIRCSV","trainer+overclock","wild+wild","0.546000","0.7810","1000","601","0.601000","11.8110","11.4120","1.3270","15324.04","4.4547","1.000000","0"
"PAIRCSV","danger_music+modded","rare+rare","0.541000","0.6850","1000","596","0.596000","11.7150","11.3110","1.2260","12115.83","3.4238","0.999068","0"
"PAIRCSV","overclock+modded","wild+rare","0.541000","0.6190","1000","596","0.596000","11.6490","11.2450","1.1600","14732.51","3.9006","1.000000","0"
"PAIRCSV","purist+danger_music","wild+rare","0.540000","0.7210","1000","595","0.595000","11.7510","11.3460","1.2610","12768.73","3.9870","0.998749","0"
"PAIRCSV","overclock+purist","wild+wild","0.532000","0.6160","1000","587","0.587000","11.6460","11.2330","1.1480","17334.38","4.4580","1.000000","0"
"PAIRCSV","surge+safe_cracker","wild+rare","0.531000","0.9060","1000","586","0.586000","11.9360","11.5220","1.4370","12252.00","4.5044","0.999681","0"
"PAIRCSV","overclock+perfectionist","wild+rare","0.528000","0.6070","1000","583","0.583000","11.6370","11.2200","1.1350","22518.42","4.3770","0.999644","0"
"PAIRCSV","overclock+safe_cracker","wild+rare","0.527000","0.7570","1000","582","0.582000","11.7870","11.3690","1.2840","15397.77","4.4111","0.999747","0"
"PAIRCSV","blood_money+purist","wild+wild","0.526000","0.7060","1000","581","0.581000","11.7360","11.3170","1.2320","13639.78","4.3492","0.999775","0"
"PAIRCSV","rule_breaker+perfectionist","wild+rare","0.525000","0.4150","1000","580","0.580000","11.4450","11.0250","0.9400","12154.04","3.5085","0.999569","0"
"PAIRCSV","trainer+surge","wild+wild","0.514000","0.8980","1000","569","0.569000","11.9280","11.4970","1.4120","12060.17","4.6445","0.999694","0"
"PAIRCSV","blood_money+surge","wild+wild","0.513000","0.8230","1000","568","0.568000","11.8530","11.4210","1.3360","13017.36","4.4672","0.999846","0"
"PAIRCSV","overclock+surge","wild+wild","0.506000","0.7520","1000","561","0.561000","11.7820","11.3430","1.2580","15728.52","4.5593","0.999621","0"
"PAIRCSV","danger_music+safe_cracker","rare+rare","0.504000","0.8430","1000","559","0.559000","11.8730","11.4320","1.3470","12453.59","4.0032","0.998493","0"
"PAIRCSV","flushfund+perfectionist","wild+rare","0.501000","0.7220","1000","556","0.556000","11.7520","11.3080","1.2230","16349.07","3.9565","0.998197","0"
"PAIRCSV","rule_breaker+surge","wild+wild","0.495000","0.3120","1000","550","0.550000","11.3420","10.8920","0.8070","10615.59","3.8064","0.999871","0"
"PAIRCSV","survivor+surge","wild+wild","0.492000","0.4690","1000","547","0.547000","11.4990","11.0460","0.9610","11440.86","3.9868","0.999864","0"
"PAIRCSV","purist+modded","wild+rare","0.491000","0.6650","1000","546","0.546000","11.6950","11.2410","1.1560","12065.80","3.9018","0.999720","0"
"PAIRCSV","survivor+perfectionist","wild+rare","0.488000","0.5220","1000","543","0.543000","11.5520","11.0950","1.0100","13611.04","3.6802","0.999559","0"
"PAIRCSV","purist+safe_cracker","wild+rare","0.459000","0.8320","1000","514","0.514000","11.8620","11.3760","1.2910","12485.33","4.4701","0.999756","0"
"PAIRCSV","blood_money+perfectionist","wild+rare","0.456000","0.6850","1000","511","0.511000","11.7150","11.2260","1.1410","15760.32","4.1585","0.999311","0"
"PAIRCSV","surge+danger_music","wild+rare","0.439000","0.8200","1000","494","0.494000","11.8500","11.3440","1.2590","12491.44","4.1108","0.998089","0"
"PAIRCSV","trainer+perfectionist","wild+rare","0.417000","0.8680","1000","472","0.472000","11.8980","11.3700","1.2850","13580.83","4.2635","0.999833","0"
"PAIRCSV","danger_music+perfectionist","rare+rare","0.404000","0.6860","1000","459","0.459000","11.7160","11.1750","1.0900","13083.26","3.6782","0.998595","0"
"PAIRCSV","surge+purist","wild+wild","0.397000","0.8170","1000","452","0.452000","11.8470","11.2990","1.2140","12596.45","4.6049","0.999605","0"
"PAIRCSV","surge+modded","wild+rare","0.383000","0.4820","1000","438","0.438000","11.5120","10.9500","0.8650","11080.66","4.0030","0.999782","0"
"PAIRCSV","safe_cracker+perfectionist","rare+rare","0.363000","0.7880","1000","418","0.418000","11.8180","11.2360","1.1510","13470.19","4.2411","0.999606","0"
"PAIRCSV","modded+perfectionist","rare+rare","0.344000","0.5240","1000","399","0.399000","11.5540","10.9530","0.8680","12774.89","3.6775","0.999569","0"
"PAIRCSV","purist+perfectionist","wild+rare","0.332000","0.6790","1000","387","0.387000","11.7090","11.0960","1.0110","15086.26","4.2704","0.999397","0"
"PAIRCSV","surge+perfectionist","wild+rare","0.321000","0.7380","1000","376","0.376000","11.7680","11.1440","1.0590","13650.54","4.3745","0.999268","0"
"PAIRCSV","survivor+rule_breaker","wild+wild","0.319000","-0.3090","1000","374","0.374000","10.7210","10.0950","0.0100","9257.33","3.0222","0.999869","0"
"PAIRCSV","rule_breaker+modded","wild+rare","0.310000","-0.3070","1000","365","0.365000","10.7230","10.0880","0.0030","9018.92","3.0468","0.999873","0"
"PAIRCSV","survivor+modded","wild+rare","0.287000","-0.3170","1000","342","0.342000","10.7130","10.0550","-0.0300","9622.97","3.1424","0.999865","0"
