basePerHeat,everyThirdHeatExtra,winBonus,heatBandIncrease,fullWin,basicCalibrationMean,adaptiveCalibrationMean,maxExitRateRatio,objective
4,0,20,3,122,49.6,85.736,0.9100923157062784,0.08240753777777761
2,8,10,3,120,51.536,86.232,0.9744812235318072,0.08669440000000006
3,8,20,2,124,52.68,86.6,1.0073924180117992,0.12320177777777794
3,4,10,3,116,50.568,84.384,0.9602480307107288,0.14340159999999993
4,4,20,2,120,51.712,84.752,0.9813398508104393,0.1517161244444448
4,2,10,3,120,53.872,88.52,0.9629559583385063,0.15965895111111117
5,4,30,1,124,52.856,85.12,1.122547890864923,0.19147639683742942
5,0,20,2,116,50.744,82.904,0.9541258162688276,0.22932743111111134
3,6,10,3,124,54.84,90.368,0.9764823441508635,0.23485788444444472
6,0,30,1,120,51.888,83.272,1.1033701731360805,0.23691845564684794
4,0,10,3,112,49.6,82.536,0.945377468975883,0.24920575999999992
3,10,30,1,124,50.52,82.832,1.1535551051576958,0.25400574541872634
2,10,20,2,120,49.376,82.464,1.0025333923151531,0.2562995200000001
5,2,20,2,124,55.016,88.888,0.9870599492825961,0.25709831111111087
3,8,10,2,114,52.68,83.4,1.0460453645062568,0.26542399999999966
2,6,20,3,122,47.264,83.448,0.9205526581207906,0.26565120000000025
5,2,10,2,114,55.016,85.688,1.0239214915954558,0.33423964444444415
4,4,10,2,110,51.712,81.552,1.0198464174500486,0.34650367999999965
4,2,30,2,122,47.44,81.968,0.9093009093305418,0.352260551111111
4,6,30,1,120,49.552,80.984,1.1177795850951717,0.36581708694702975
4,6,10,2,118,55.984,87.536,1.0487965309788758,0.3850660977777779
4,8,20,1,118,53.824,83.768,1.2007006377315572,0.39996725862744936
5,4,20,1,114,52.856,81.92,1.1663974178518342,0.4069980745569061
3,6,20,2,116,48.408,80.616,0.9750328135846645,0.41672000000000003
3,2,20,3,118,46.296,81.6,0.9046125388573905,0.45079616000000045
5,0,10,2,106,50.744,79.704,0.9924325839600383,0.4766803200000006
3,10,10,2,122,56.952,89.384,1.0726429953873438,0.4849895111111108
6,2,20,1,118,56.16,86.056,1.1687772034663138,0.4864323675109511
6,0,20,1,110,51.888,80.072,1.1474652944523394,0.49173655786402226
2,6,10,3,112,47.264,80.248,0.9572609686828797,0.49753031111111057
2,10,10,2,110,49.376,79.264,1.043007085989564,0.516167964444445
7,0,40,0,124,53.032,83.64,1.2816014813520524,0.5355390242340783
5,2,30,1,116,48.584,79.136,1.0803331905614706,0.5446127644444448
5,0,10,3,124,57.176,92.656,0.9654221317643218,0.5463023644444449
3,10,20,1,114,50.52,79.632,1.1999105443844467,0.5603183750335714
5,6,20,1,122,57.128,87.904,1.201416381195076,0.609891503442084
4,2,20,2,112,47.44,78.768,0.9462418359740737,0.62623744
5,6,40,0,124,50.696,81.352,1.2981771262239643,0.6514282313115565
6,0,10,2,118,58.32,89.824,1.0276212872704003,0.6923616711111112
4,6,20,1,110,49.552,77.784,1.1637645520845854,0.6977817448203816
6,2,40,0,120,49.728,79.504,1.2650972406608108,0.7084233687682864
6,2,10,1,108,56.16,82.856,1.2139168077326579,0.7101022504497722
2,8,30,2,122,45.104,79.68,0.929166359989913,0.7130521599999994
4,8,10,1,108,53.824,80.568,1.248390068283898,0.717776098922399
3,6,10,2,106,48.408,77.416,1.0153359163472837,0.729153777777778
3,2,10,3,108,46.296,78.4,0.9415354996270798,0.735240604444444
5,4,10,1,104,52.856,78.72,1.213811947032803,0.7506966342991805
5,6,10,1,112,57.128,84.704,1.2468042308813274,0.8051517687483758
4,4,40,1,122,45.28,78.2,1.0289543838516326,0.8416284444444441
6,0,10,1,100,51.888,76.872,1.1952315675068648,0.8741728915985161
5,4,10,2,122,59.288,91.672,1.0512994466326895,0.875094257777777
2,4,30,3,124,42.992,80.664,0.8629015615656629,0.8785024000000003
6,4,30,0,118,54,82.288,1.3445255702368122,0.9026751204415497
5,2,20,1,106,48.584,75.936,1.125859241575439,0.9044939229988543
3,8,30,1,116,46.248,76.848,1.1124980138490597,0.9108028828013706
7,0,30,0,114,53.032,80.44,1.3325851305356249,0.9308907613479669
7,0,20,1,122,59.464,90.192,1.1884995110462753,0.9584941076434381
4,10,10,1,116,58.096,86.552,1.2782872738197477,0.962581660493065
4,0,40,2,124,43.168,79.184,0.8493014691698366,0.9866993777777782
4,2,10,2,102,47.44,75.568,0.986311361105307,0.9912365511111116
3,10,10,1,104,50.52,76.432,1.250147535985219,1.0012388116105717
3,4,30,2,118,44.136,77.832,0.902623375717507,1.0019104000000003
5,8,30,0,122,54.968,84.136,1.3747662674089767,1.0036111247580015
7,2,30,0,122,57.304,86.424,1.3383705298843107,1.0448827961386162
2,8,20,2,112,45.104,76.48,0.9680436135459763,1.0521099377777774
6,0,50,0,122,45.456,76.72,1.1975995966812787,1.0664999212898971
7,0,10,1,112,59.464,86.992,1.23221845572335,1.075740338048717
4,10,30,0,118,51.664,80,1.3829790015455852,1.1127503269703345
4,8,40,0,120,47.392,77.216,1.3025835451395706,1.122695853201643
5,6,30,0,114,50.696,78.152,1.3513320909582858,1.1340760706748227
5,0,40,1,118,44.312,76.352,1.0028098047790464,1.1513907911111108
4,6,10,1,100,49.552,74.584,1.2136954563894051,1.161656098873205
2,4,20,3,114,42.992,77.464,0.8985476035594939,1.189570844444445
3,0,30,3,120,42.024,78.816,0.8450466468487613,1.1920851199999996
6,2,30,0,110,49.728,76.304,1.3181522727707211,1.2151538906980262
4,4,30,1,112,45.28,75,1.0728564375626357,1.2227839999999999
6,4,10,1,116,60.432,88.84,1.2453660527200225,1.2632969987116476
5,4,40,0,116,46.424,75.368,1.2677963654392082,1.3046579398146445
4,0,30,2,114,43.168,75.984,0.8850690610489622,1.3398656000000007
3,8,20,1,106,46.248,73.648,1.1608359679593816,1.3587738444248847
2,10,40,1,122,42.944,75.912,1.0599672359732015,1.379967999999999
5,2,10,1,96,48.584,72.736,1.1753911043812215,1.390168646736339
3,4,20,2,108,44.136,74.632,0.9413252033825303,1.3935335111111102
6,4,20,0,108,54,79.088,1.3989267666858032,1.40406544584094
7,2,20,0,112,57.304,83.224,1.3898314749918494,1.4095654356120524
7,0,20,0,104,53.032,77.24,1.3877932146593173,1.4781634930093286
5,8,20,0,112,54.968,80.936,1.4291209681071668,1.4785133376268336
2,8,10,2,102,45.104,73.28,1.0103162604257132,1.482189937777778
5,8,10,1,120,61.4,90.688,1.275442557722319,1.5479444795923045
3,0,20,3,110,42.024,75.616,0.8808082484928055,1.5557188977777776
5,0,30,1,108,44.312,73.152,1.0466772503074386,1.5851116800000002
2,4,10,3,104,42.992,74.264,0.9372655871234062,1.5916615111111123
6,0,40,0,112,45.456,73.52,1.2497258032832932,1.5928903337950637
2,6,40,2,124,40.832,76.896,0.858844295804913,1.6036991999999999
6,6,20,0,116,58.272,85.072,1.4187552805364458,1.6050334220700566
4,6,50,0,122,43.12,74.432,1.2161739832242502,1.6584823728032845
4,4,20,1,102,45.28,71.8,1.120671766256235,1.6983803531389976
4,10,20,0,108,51.664,76.8,1.4406031266099846,1.7301728788519775
4,8,30,0,110,47.392,74.016,1.358899305845994,1.7397508045402987
4,2,50,1,124,41.008,75.416,0.9335711747513521,1.753863111111111
3,6,40,1,118,41.976,74.064,1.018513964491829,1.772539520000001
5,6,20,0,104,50.696,74.952,1.4090258508455005,1.7752302119262837
4,0,20,2,104,43.168,72.784,0.9239817478394201,1.7840540444444433
2,10,30,1,112,42.944,72.712,1.1066155905104753,1.8265545727468622
5,10,20,0,120,59.24,86.92,1.4464491920947005,1.8561541194023428
3,4,10,2,98,44.136,71.432,0.9834945483655085,1.8761788444444436
6,2,20,0,100,49.728,73.104,1.3758520877311375,1.8782717944450174
8,0,20,0,116,60.608,87.36,1.4023174764558564,1.8874394925650972
7,2,10,0,102,57.304,80.024,1.4454080610157163,1.9302516600282051
5,4,30,0,106,46.424,72.168,1.3240117014524755,1.942573139101063
3,8,10,1,96,46.248,70.448,1.2135652874215384,1.9429769871682054
3,10,40,0,116,44.088,73.08,1.3074887311223626,1.9663140283421447
3,0,10,3,100,42.024,72.416,0.9197303982273528,2.010374897777778
5,2,50,0,118,42.152,72.584,1.1778525207796835,2.0124749643784523
3,2,40,2,120,39.864,75.048,0.8399930168174223,2.0209952
2,6,30,2,114,40.832,73.696,0.8961367098650481,2.0219463111111113
6,4,10,0,98,54,75.888,1.4579158776571632,2.0699348438327787
7,2,10,1,120,63.736,92.976,1.2440558281139398,2.092156172908743
6,6,10,0,106,58.272,81.872,1.4742079004518824,2.0981317465292912
7,4,20,0,120,61.576,89.208,1.4093507732139645,2.108408807104621
5,0,20,1,98,44.312,69.952,1.0945581858201303,2.109854791111111
5,8,10,0,102,54.968,77.736,1.487950687901637,2.119325889946827
7,0,10,0,94,53.032,74.04,1.4477734724511842,2.1915973451260347
4,2,40,1,114,41.008,72.216,0.9749391231174249,2.2142080000000006
6,0,30,0,102,45.456,70.32,1.3065961470049448,2.2692791036583104
3,6,30,1,108,41.976,70.864,1.064506918408823,2.2713412977777767
4,6,40,0,112,43.12,71.232,1.27080893305463,2.272250972890089
8,0,10,0,106,60.608,84.16,1.4556375325948623,2.2887015211657378
4,4,10,1,92,45.28,68.6,1.1729480002506951,2.3007330637023817
2,2,30,3,116,38.72,74.68,0.8354566806293725,2.315505777777777
4,0,10,2,94,43.168,69.584,0.9664734354843693,2.3192647111111104
5,10,10,0,110,59.24,83.72,1.5017363088493951,2.3201942725612703
2,10,20,1,102,42.944,69.512,1.1575588792898734,2.3899673077919603
7,4,10,0,110,61.576,86.008,1.461786854442277,2.457982535489009
6,8,20,0,124,62.544,91.056,1.4359776217706273,2.481523218645172
3,2,30,2,110,39.864,71.848,0.8774050206841375,2.491807644444445
6,6,10,1,124,64.704,94.824,1.2728460012844482,2.504508641280186
4,10,10,0,98,51.664,73.6,1.5032380451582448,2.5238741062821193
4,8,20,0,100,47.392,70.816,1.4203046066072227,2.5244474392215714
2,6,20,2,104,40.832,70.496,0.9368147266542013,2.531215644444445
2,8,50,1,124,38.672,73.128,0.9627803811815988,2.5484108800000005
5,6,10,0,94,50.696,71.752,1.4718656702610653,2.591070124860802
5,2,40,0,108,42.152,69.384,1.2321752474384948,2.6446487682834188
6,2,10,0,90,49.728,69.904,1.4388345591310523,2.7140961121367218
3,10,30,0,106,44.088,69.88,1.3673622849230431,2.7205532823052754
5,0,10,1,88,44.312,66.752,1.147029815054077,2.743314552476611
5,4,20,0,96,46.424,68.968,1.3854436328503401,2.7456801847228416
4,2,30,1,104,41.008,69.016,1.0201432090391787,2.7655751111111098
2,2,20,3,106,38.72,71.48,0.8728582108198313,2.796785777777777
6,8,10,0,114,62.544,87.856,1.4882805764881877,2.8000437464017716
3,6,20,1,98,41.976,67.664,1.1148501162527018,2.8629295053995274
3,8,50,0,118,39.816,70.296,1.2161893616745267,2.87068326213067
8,2,20,0,124,64.88,93.344,1.4007796786932873,2.9875905920298065
4,6,30,0,102,43.12,68.032,1.3305835771305767,3.043552172783106
3,2,20,2,100,39.864,68.648,0.9183049167654398,3.0536423111111124
3,4,50,1,120,37.704,71.28,0.917188400167973,3.06942016
2,8,40,1,114,38.672,69.928,1.006838515545246,3.073836657777779
2,10,10,1,92,42.944,66.312,1.2134188807033068,3.094654739999928
6,0,20,0,92,45.456,67.12,1.3688891695081602,3.111532221608081
2,6,10,2,94,40.832,67.296,0.9813613137514055,3.131507199999999
8,2,10,0,114,64.88,90.144,1.4505056168790627,3.197069659710176
8,0,10,1,124,67.04,97.112,1.2614965683250638,3.3370675504239555
4,4,50,0,114,38.848,68.448,1.1755527234864083,3.353730992209711
2,2,10,3,96,38.72,68.28,0.913765449756906,3.369088
4,2,20,1,94,41.008,65.816,1.069742976100765,3.4079644444444437
2,4,40,2,116,36.56,70.912,0.8295987183760646,3.425677084444443
5,2,30,0,98,42.152,66.184,1.291750987674854,3.4309557079720343
3,0,50,2,122,35.592,72.264,0.7725369378028178,3.473974400000001
4,8,10,0,90,47.392,67.616,1.4875220513117766,3.496263166467542
3,6,10,1,88,41.976,64.464,1.1701913977743055,3.5814261785720864
3,8,40,0,108,39.816,67.096,1.2741929081953103,3.6114093185687612
4,0,50,1,116,36.736,69.432,0.8822045652090075,3.6395264
3,4,40,1,110,37.704,68.08,0.9602994883074781,3.6474112711111113
3,10,20,0,96,44.088,66.68,1.4329825505462244,3.6535249161905936
7,6,10,0,118,65.848,91.992,1.4760347951889412,3.6604442175423113
2,8,30,1,104,38.672,66.728,1.055122343170003,3.6902846577777795
3,2,10,2,90,39.864,65.448,0.963204313747004,3.706499200000002
5,4,10,0,86,46.424,65.768,1.4528536137699528,3.7336556931152307
2,0,40,3,118,34.448,71.896,0.7674796686417945,3.8753351111111103
5,0,50,0,110,37.88,66.6,1.1496476608782245,3.9222631218454334
4,6,20,0,92,43.12,64.832,1.3962589758043464,3.9907355970682348
2,4,30,2,106,36.56,67.712,0.8688047069571642,4.01413575111111
3,0,40,2,112,35.592,69.064,0.8083315370291734,4.023976177777779
4,4,40,0,104,38.848,65.248,1.2332061184587677,4.1085620177365865
6,10,10,0,122,66.816,93.84,1.5005584764502975,4.176891304449469
4,0,40,1,106,36.736,66.232,0.9248282910314019,4.270082844444445
3,4,30,1,100,37.704,64.88,1.0076632115285622,4.316424604444446
5,2,20,0,88,42.152,62.984,1.357380404043448,4.389709556862325
2,8,20,1,94,38.672,63.528,1.1082704274500688,4.398302079761655
2,0,30,3,108,34.448,68.696,0.8032304392784216,4.435804444444445
2,10,50,0,114,36.512,66.16,1.2162066628959745,4.453273792455794
3,8,30,0,98,39.816,63.896,1.338006250285973,4.518842432512624
3,0,30,2,102,35.592,65.864,0.8476042948102579,4.665000177777777
2,4,20,2,96,36.56,64.512,0.9119001785324202,4.69361664
5,0,40,0,100,37.88,63.4,1.2076740412380087,4.706404704363306
2,6,50,1,116,34.4,67.144,0.8987873021103637,4.75536327111111
3,10,10,0,86,44.088,63.48,1.5052185959423794,4.788958323980108
8,4,10,0,122,69.152,96.128,1.4648427870141472,4.8997725983344464
4,0,30,1,96,36.736,63.032,0.9717798478803116,4.991661511111113
4,4,30,0,94,38.848,62.048,1.2968062277139905,5.026040587913866
3,6,50,0,110,35.544,64.312,1.1729571194508461,5.065111708006299
3,4,20,1,90,37.704,61.68,1.0599414585598752,5.076460160000001
2,0,20,3,98,34.448,65.496,0.8424746283234159,5.087296000000001
2,2,50,2,118,32.288,68.128,0.7576226759152243,5.263302257777779
2,10,40,0,104,36.512,62.96,1.278021486931348,5.3224017495850955
3,0,20,2,92,35.592,62.664,0.8908880581096454,5.397046399999999
2,6,40,1,106,34.4,63.944,0.9437660235971829,5.451000604444444
3,2,50,1,112,33.432,65.296,0.8472059553697532,5.457375644444443
2,4,10,2,86,36.56,61.312,0.9594941335706467,5.464119751111111
3,8,20,0,88,39.816,60.696,1.4085482959053732,5.615307927248878
5,0,30,0,90,37.88,60.2,1.2718693391111253,5.652101002256403
4,2,50,0,106,34.576,62.464,1.127148496975025,5.754810958215135
4,0,20,1,86,36.736,59.832,1.023753633032354,5.804262400000001
2,0,10,3,88,34.448,62.296,0.8857505820063961,5.829809777777777
2,2,40,2,108,32.288,64.928,0.7949623839445601,5.93095025777778
3,6,40,0,100,35.544,61.112,1.2343765261507202,5.94317818402046
3,2,40,1,102,33.432,62.096,0.8908651130801243,6.205578311111111
2,6,30,1,96,34.4,60.744,0.9934837121838908,6.23766016
2,10,30,0,94,36.512,59.76,1.346456372443067,6.369443388142366
4,2,40,0,96,34.576,59.264,1.1880096469196808,6.639637548051859
2,2,30,2,98,32.288,61.728,0.836173497679374,6.68962048
3,6,30,0,90,35.544,57.912,1.3025835451395709,6.994256742090534
3,2,30,1,92,33.432,58.896,0.9392685422069988,7.044803199999999
2,6,20,1,86,34.4,57.544,1.0487309643559408,7.115341937777779
2,8,50,0,106,32.24,60.176,1.170004714754187,7.146585618480297
2,2,20,2,88,32.288,58.528,0.881891020789236,7.539312924444447
2,4,50,1,108,30.128,61.16,0.8222718363431745,7.645610951111113
4,2,30,0,86,34.576,56.064,1.2558184167210324,7.691686551915594
3,4,50,0,102,31.272,58.328,1.1208542923462679,7.969150536518554
2,8,40,0,96,32.24,56.976,1.2357168582393985,8.148571084882983
2,0,50,2,110,28.016,62.144,0.7145039104663573,8.281659164444447
2,4,40,1,98,30.128,57.96,0.8676698673352061,8.51145984
3,0,50,1,104,29.16,59.312,0.77813136049852,8.52862641777778
4,0,50,0,98,30.304,56.48,1.08451181606926,8.873059271111114
3,4,40,0,92,31.272,55.128,1.1859162161510142,8.971127649581664
2,0,40,2,100,28.016,58.944,0.7532934821529131,9.11951872
2,8,30,0,86,32.24,53.776,1.3092495484053845,9.3363619925073
3,0,40,1,94,29.16,56.112,0.8225072578751109,9.44704064
2,4,30,1,88,30.128,54.76,0.9183737310217046,9.468330951111113
4,0,40,0,88,30.304,53.28,1.1496476608782245,9.891747281845435
2,0,30,2,90,28.016,55.744,0.7965365063867199,10.048400497777777
2,6,50,0,98,27.968,54.192,1.113599324861571,10.554293613093524
2,2,50,1,100,25.856,55.176,0.7536838030655209,11.219153919999997
3,2,50,0,94,27,52.344,1.0568386073250688,11.592108159999999
2,6,40,0,88,27.968,50.992,1.1834831858506876,11.67261939633602
2,2,40,1,90,25.856,51.976,0.8000857610809446,12.255214364444443
2,4,50,0,90,23.696,48.208,1.043190871032786,14.681543111111111
2,0,50,1,92,21.584,49.192,0.6835571590374894,15.47599217777778
3,0,50,0,86,22.728,46.36,0.9909387516974516,15.901840284444443
