cellId,timingScenario,exitHeat,n,reachedExit,modeledExitCoinsPerMinute,modeledFullCoinsPerMinute,exitRateRatio
normal/easy/adaptive/full/astra,quickFast,1,250,250,15.260931405165524,29.06155608335952,0.5251243726038415
normal/easy/adaptive/full/astra,quickFast,3,250,250,16.23566390876854,29.06155608335952,0.5586646448730591
normal/easy/adaptive/full/astra,quickFast,6,250,250,21.245066477100586,29.06155608335952,0.7310367833078762
normal/easy/adaptive/full/astra,quickFast,9,250,234,24.557979344045716,29.06155608335952,0.8450331865783152
normal/easy/adaptive/full/astra,typicalNormal,1,250,250,7.144333638475759,12.515960736791477,0.5708178372176038
normal/easy/adaptive/full/astra,typicalNormal,3,250,250,7.227097568708021,12.515960736791477,0.5774305081881169
normal/easy/adaptive/full/astra,typicalNormal,6,250,250,9.294517749815652,12.515960736791477,0.742613207669613
normal/easy/adaptive/full/astra,typicalNormal,9,250,234,10.648061586639717,12.515960736791477,0.8507586281681956
normal/easy/adaptive/full/astra,deliberateNormal,1,250,250,4.699150957405016,7.905141249846592,0.5944423772941704
normal/easy/adaptive/full/astra,deliberateNormal,3,250,250,4.580704687465646,7.905141249846592,0.5794589296623309
normal/easy/adaptive/full/astra,deliberateNormal,6,250,250,5.862553256114783,7.905141249846592,0.7416127139067316
normal/easy/adaptive/full/astra,deliberateNormal,9,250,234,6.719732245178273,7.905141249846592,0.8500458161084316
normal/easy/adaptive/mid/astra,quickFast,1,250,250,15.260931405165524,28.1946687359745,0.54127010847599
normal/easy/adaptive/mid/astra,quickFast,3,250,250,16.070488734810596,28.1946687359745,0.5699832434741727
normal/easy/adaptive/mid/astra,quickFast,6,250,250,20.764835594099555,28.1946687359745,0.7364809208630645
normal/easy/adaptive/mid/astra,quickFast,9,250,229,23.65565825256079,28.1946687359745,0.8390117463014476
normal/easy/adaptive/mid/astra,typicalNormal,1,250,250,7.144333638475759,12.11763666649841,0.5895814369668035
normal/easy/adaptive/mid/astra,typicalNormal,3,250,250,7.147348343691366,12.11763666649841,0.5898302235329119
normal/easy/adaptive/mid/astra,typicalNormal,6,250,250,9.070207030498871,12.11763666649841,0.7485128726111455
normal/easy/adaptive/mid/astra,typicalNormal,9,250,229,10.234270508519323,12.11763666649841,0.8445764459016978
normal/easy/adaptive/mid/astra,deliberateNormal,1,250,250,4.699150957405016,7.695121281087293,0.6106662631756524
normal/easy/adaptive/mid/astra,deliberateNormal,3,250,250,4.536614448134086,7.695121281087293,0.5895442426988076
normal/easy/adaptive/mid/astra,deliberateNormal,6,250,250,5.744973455785377,7.695121281087293,0.7465734776533155
normal/easy/adaptive/mid/astra,deliberateNormal,9,250,229,6.490520321499614,7.695121281087293,0.8434591326652263
normal/easy/adaptive/new/astra,quickFast,1,250,250,15.260931405165524,28.811952147593118,0.5296736342955638
normal/easy/adaptive/new/astra,quickFast,3,250,250,16.138756003168947,28.811952147593118,0.5601410109421252
normal/easy/adaptive/new/astra,quickFast,6,250,250,21.236992610170116,28.811952147593118,0.7370896807470994
normal/easy/adaptive/new/astra,quickFast,9,250,246,24.663336688848418,28.811952147593118,0.8560106084623196
normal/easy/adaptive/new/astra,typicalNormal,1,250,250,7.144333638475759,12.387523833357323,0.5767362173897403
normal/easy/adaptive/new/astra,typicalNormal,3,250,250,7.178829917725827,12.387523833357323,0.5795209772589546
normal/easy/adaptive/new/astra,typicalNormal,6,250,250,9.285490161047731,12.387523833357323,0.749584040035799
normal/easy/adaptive/new/astra,typicalNormal,9,250,246,10.685157437791743,12.387523833357323,0.8625741174373025
normal/easy/adaptive/new/astra,deliberateNormal,1,250,250,4.699150957405016,7.9469957805659455,0.5913116210400664
normal/easy/adaptive/new/astra,deliberateNormal,3,250,250,4.570531992657493,7.9469957805659455,0.5751270189213568
normal/easy/adaptive/new/astra,deliberateNormal,6,250,250,5.920345943395102,7.9469957805659455,0.7449791225349668
normal/easy/adaptive/new/astra,deliberateNormal,9,250,246,6.840009457586595,7.9469957805659455,0.8607037988259109
normal/easy/handRanking/full/astra,quickFast,1,250,250,15.019281001986304,25.286900561940868,0.5939549991584069
normal/easy/handRanking/full/astra,quickFast,3,250,250,15.661490457062317,25.286900561940868,0.6193519217074122
normal/easy/handRanking/full/astra,quickFast,6,250,248,20.135427619909805,25.286900561940868,0.796278989217662
normal/easy/handRanking/full/astra,quickFast,9,250,209,22.746296602648787,25.286900561940868,0.8995288507949478
normal/easy/handRanking/full/astra,typicalNormal,1,250,250,7.0078042411932016,10.87490852329971,0.6444012127714767
normal/easy/handRanking/full/astra,typicalNormal,3,250,250,6.943540873326939,10.87490852329971,0.638491887858207
normal/easy/handRanking/full/astra,typicalNormal,6,250,248,8.775490851050002,10.87490852329971,0.8069484752215005
normal/easy/handRanking/full/astra,typicalNormal,9,250,209,9.82951395280905,10.87490852329971,0.9038709550291036
normal/easy/handRanking/full/astra,deliberateNormal,1,250,250,4.59633352007215,6.902191359737382,0.6659238031104129
normal/easy/handRanking/full/astra,deliberateNormal,3,250,250,4.394598520831852,6.902191359737382,0.6366961290680673
normal/easy/handRanking/full/astra,deliberateNormal,6,250,248,5.540694210324376,6.902191359737382,0.8027442186904523
normal/easy/handRanking/full/astra,deliberateNormal,9,250,209,6.2226183355033475,6.902191359737382,0.9015424248886819
normal/easy/handRanking/mid/astra,quickFast,1,250,250,15.019281001986304,19.417017113090623,0.773511240913547
normal/easy/handRanking/mid/astra,quickFast,3,250,250,15.403187415801257,19.417017113090623,0.7932828882051451
normal/easy/handRanking/mid/astra,quickFast,6,250,242,19.13508198476166,19.417017113090623,0.9854799979478368
normal/easy/handRanking/mid/astra,quickFast,9,250,141,19.96754559718949,19.417017113090623,1.0283528865887288
normal/easy/handRanking/mid/astra,typicalNormal,1,250,250,7.0078042411932016,8.33222485274744,0.8410483832397385
normal/easy/handRanking/mid/astra,typicalNormal,3,250,250,6.8194075033561905,8.33222485274744,0.8184377670878122
normal/easy/handRanking/mid/astra,typicalNormal,6,250,242,8.315656652052164,8.33222485274744,0.998011551417769
normal/easy/handRanking/mid/astra,typicalNormal,9,250,141,8.595675276359461,8.33222485274744,1.0316182566202776
normal/easy/handRanking/mid/astra,deliberateNormal,1,250,250,4.59633352007215,5.301619757891095,0.8669677815408818
normal/easy/handRanking/mid/astra,deliberateNormal,3,250,250,4.318902480501654,5.301619757891095,0.8146382950367698
normal/easy/handRanking/mid/astra,deliberateNormal,6,250,242,5.2654200127529025,5.301619757891095,0.9931719461614893
normal/easy/handRanking/mid/astra,deliberateNormal,9,250,141,5.458958400377394,5.301619757891095,1.0296774664482702
normal/easy/handRanking/new/astra,quickFast,1,250,250,15.019281001986304,21.256609200720007,0.7065699359744342
normal/easy/handRanking/new/astra,quickFast,3,250,250,15.737903060812322,21.256609200720007,0.740376929932891
normal/easy/handRanking/new/astra,quickFast,6,250,247,20.241869306743634,21.256609200720007,0.9522623818128998
normal/easy/handRanking/new/astra,quickFast,9,250,190,21.96076849027588,21.256609200720007,1.0331266046671272
normal/easy/handRanking/new/astra,typicalNormal,1,250,250,7.0078042411932016,9.122529823556413,0.7681864983436375
normal/easy/handRanking/new/astra,typicalNormal,3,250,250,6.977915826796965,9.122529823556413,0.7649101687536746
normal/easy/handRanking/new/astra,typicalNormal,6,250,247,8.817541503557447,9.122529823556413,0.9665675721649691
normal/easy/handRanking/new/astra,typicalNormal,9,250,190,9.471217394406994,9.122529823556413,1.0382226835751407
normal/easy/handRanking/new/astra,deliberateNormal,1,250,250,4.59633352007215,5.852594765684418,0.7853496960052457
normal/easy/handRanking/new/astra,deliberateNormal,3,250,250,4.432332903265714,5.852594765684418,0.7573278316233101
normal/easy/handRanking/new/astra,deliberateNormal,6,250,247,5.615007926561597,5.852594765684418,0.9594048710640506
normal/easy/handRanking/new/astra,deliberateNormal,9,250,190,6.063328134408357,5.852594765684418,1.036006827255414
normal/hard/adaptive/full/astra,quickFast,1,250,250,13.886333417808558,18.592427469898993,0.7468811396623938
normal/hard/adaptive/full/astra,quickFast,3,250,250,14.24008611138295,18.592427469898993,0.7659078479363466
normal/hard/adaptive/full/astra,quickFast,6,250,220,16.778401894500234,18.592427469898993,0.9024320208678693
normal/hard/adaptive/full/astra,quickFast,9,250,142,17.897585211340942,18.592427469898993,0.9626276741064074
normal/hard/adaptive/full/astra,typicalNormal,1,250,250,6.424169266581521,7.95517283241515,0.807546159199055
normal/hard/adaptive/full/astra,typicalNormal,3,250,250,6.280818098889178,7.95517283241515,0.7895262907798264
normal/hard/adaptive/full/astra,typicalNormal,6,250,220,7.258819044587111,7.95517283241515,0.9124652848533237
normal/hard/adaptive/full/astra,typicalNormal,9,250,142,7.683456974632909,7.95517283241515,0.9658441289075363
normal/hard/adaptive/full/astra,deliberateNormal,1,250,250,4.211197447677464,5.048084423765248,0.8342169215419797
normal/hard/adaptive/full/astra,deliberateNormal,3,250,250,3.985944055459366,5.048084423765248,0.7895953634797462
normal/hard/adaptive/full/astra,deliberateNormal,6,250,220,4.594495859601306,5.048084423765248,0.9101463988936973
normal/hard/adaptive/full/astra,deliberateNormal,9,250,142,4.8708065920617685,5.048084423765248,0.9648821578995599
normal/hard/adaptive/mid/astra,quickFast,1,250,250,13.886333417808558,16.794422523757635,0.8268419707890967
normal/hard/adaptive/mid/astra,quickFast,3,250,250,14.018777841390158,16.794422523757635,0.8347281855960805
normal/hard/adaptive/mid/astra,quickFast,6,250,223,16.459779362181003,16.794422523757635,0.980074148956105
normal/hard/adaptive/mid/astra,quickFast,9,250,130,16.923252358615457,16.794422523757635,1.0076709892629878
normal/hard/adaptive/mid/astra,typicalNormal,1,250,250,6.424169266581521,7.167458288925664,0.8962967076498252
normal/hard/adaptive/mid/astra,typicalNormal,3,250,250,6.175298825283195,7.167458288925664,0.8615744349464245
normal/hard/adaptive/mid/astra,typicalNormal,6,250,223,7.110581539453696,7.167458288925664,0.9920645859132731
normal/hard/adaptive/mid/astra,typicalNormal,9,250,130,7.246172039825793,7.167458288925664,1.0109821010080726
normal/hard/adaptive/mid/astra,deliberateNormal,1,250,250,4.211197447677464,4.573751506067845,0.9207315793371387
normal/hard/adaptive/mid/astra,deliberateNormal,3,250,250,3.9246136659364965,4.573751506067845,0.8580732164241631
normal/hard/adaptive/mid/astra,deliberateNormal,6,250,223,4.523410247300242,4.573751506067845,0.988993442538184
normal/hard/adaptive/mid/astra,deliberateNormal,9,250,130,4.6203611309538815,4.573751506067845,1.0101906771332463
normal/hard/adaptive/new/astra,quickFast,1,250,250,13.886333417808558,17.549202965709696,0.7912800054191513
normal/hard/adaptive/new/astra,quickFast,3,250,250,14.36396368789981,17.549202965709696,0.8184966414694906
normal/hard/adaptive/new/astra,quickFast,6,250,245,17.74002325242324,17.549202965709696,1.0108734446280205
normal/hard/adaptive/new/astra,quickFast,9,250,188,18.524901816463675,17.549202965709696,1.0555979010933114
normal/hard/adaptive/new/astra,typicalNormal,1,250,250,6.424169266581521,7.486268018534625,0.8581270735533991
normal/hard/adaptive/new/astra,typicalNormal,3,250,250,6.336760816850718,7.486268018534625,0.8464512359378613
normal/hard/adaptive/new/astra,typicalNormal,6,250,245,7.684503262967303,7.486268018534625,1.026479848696558
normal/hard/adaptive/new/astra,typicalNormal,9,250,188,7.94259425703536,7.486268018534625,1.0609551030461313
normal/hard/adaptive/new/astra,deliberateNormal,1,250,250,4.211197447677464,4.835125940994031,0.8709592054207597
normal/hard/adaptive/new/astra,deliberateNormal,3,250,250,4.039798297359681,4.835125940994031,0.8355104596363747
normal/hard/adaptive/new/astra,deliberateNormal,6,250,245,4.926286749047229,4.835125940994031,1.0188538642355316
normal/hard/adaptive/new/astra,deliberateNormal,9,250,188,5.122279662729824,4.835125940994031,1.0593890883588357
normal/hard/handRanking/full/astra,quickFast,1,250,250,13.077642179580883,15.484331177207299,0.8445726218276043
normal/hard/handRanking/full/astra,quickFast,3,250,248,12.918728875373986,15.484331177207299,0.8343097759617905
normal/hard/handRanking/full/astra,quickFast,6,250,160,14.554272412656141,15.484331177207299,0.9399354900184396
normal/hard/handRanking/full/astra,quickFast,9,250,55,14.982697232101515,15.484331177207299,0.9676037705881555
normal/hard/handRanking/full/astra,typicalNormal,1,250,250,6.002061708196775,6.639331227878875,0.9040160073643901
normal/hard/handRanking/full/astra,typicalNormal,3,250,248,5.656963759571727,6.639331227878875,0.852038189602269
normal/hard/handRanking/full/astra,typicalNormal,6,250,160,6.274076535615018,6.639331227878875,0.9449862222974905
normal/hard/handRanking/full/astra,typicalNormal,9,250,55,6.431310431808475,6.639331227878875,0.9686684111801938
normal/hard/handRanking/full/astra,deliberateNormal,1,250,250,3.9132395655912835,4.219856675219766,0.9273394493635225
normal/hard/handRanking/full/astra,deliberateNormal,3,250,248,3.5817080541624815,4.219856675219766,0.848774811522704
normal/hard/handRanking/full/astra,deliberateNormal,6,250,160,3.973891189644291,4.219856675219766,0.9417123602752061
normal/hard/handRanking/full/astra,deliberateNormal,9,250,55,4.083644361837461,4.219856675219766,0.9677211043251341
normal/hard/handRanking/mid/astra,quickFast,1,250,250,13.077642179580883,12.519914921903844,1.044547208280248
normal/hard/handRanking/mid/astra,quickFast,3,250,235,12.443107523614922,12.519914921903844,0.9938651820904512
normal/hard/handRanking/mid/astra,quickFast,6,250,116,13.313123792384678,12.519914921903844,1.0633557716189508
normal/hard/handRanking/mid/astra,quickFast,9,250,1,12.530887311246516,12.519914921903844,1.0008763948805655
normal/hard/handRanking/mid/astra,typicalNormal,1,250,250,6.002061708196775,5.371153716025632,1.1174622856703458
normal/hard/handRanking/mid/astra,typicalNormal,3,250,235,5.440353936350513,5.371153716025632,1.0128836789977562
normal/hard/handRanking/mid/astra,typicalNormal,6,250,116,5.729033282172953,5.371153716025632,1.0666299244200614
normal/hard/handRanking/mid/astra,typicalNormal,9,250,1,5.376004900157266,5.371153716025632,1.0009031921981972
normal/hard/handRanking/mid/astra,deliberateNormal,1,250,250,3.9132395655912835,3.4194789215689583,1.144396457866093
normal/hard/handRanking/mid/astra,deliberateNormal,3,250,235,3.4458939272976163,3.4194789215689583,1.0077248628620112
normal/hard/handRanking/mid/astra,deliberateNormal,6,250,116,3.641210661412024,3.4194789215689583,1.0648437217859288
normal/hard/handRanking/mid/astra,deliberateNormal,9,250,1,3.4225615274109,3.4194789215689583,1.0009014840894317
normal/hard/handRanking/new/astra,quickFast,1,250,250,13.077642179580883,13.746857528542819,0.9513186670064462
normal/hard/handRanking/new/astra,quickFast,3,250,246,12.931135348483412,13.746857528542819,0.940661189048791
normal/hard/handRanking/new/astra,quickFast,6,250,179,14.794552440496297,13.746857528542819,1.0762134116672215
normal/hard/handRanking/new/astra,quickFast,9,250,9,13.831548141712316,13.746857528542819,1.0061607253143967
normal/hard/handRanking/new/astra,typicalNormal,1,250,250,6.002061708196775,5.889130775959114,1.0191761630933165
normal/hard/handRanking/new/astra,typicalNormal,3,250,246,5.663314438326622,5.889130775959114,0.9616554044691401
normal/hard/handRanking/new/astra,typicalNormal,6,250,179,6.372299446333811,5.889130775959114,1.0820441400872114
normal/hard/handRanking/new/astra,typicalNormal,9,250,9,5.9261265222034,5.889130775959114,1.0062820384962943
normal/hard/handRanking/new/astra,deliberateNormal,1,250,250,3.9132395655912835,3.786668876006307,1.0334253386629533
normal/hard/handRanking/new/astra,deliberateNormal,3,250,246,3.599083632781219,3.786668876006307,0.9504616724177558
normal/hard/handRanking/new/astra,deliberateNormal,6,250,179,4.081466437103519,3.786668876006307,1.0778514231770184
normal/hard/handRanking/new/astra,deliberateNormal,9,250,9,3.8101558374414637,3.786668876006307,1.0062025390136375
normal/medium/adaptive/full/astra,quickFast,1,250,250,14.628184464331754,21.7526037399994,0.6724797012429813
normal/medium/adaptive/full/astra,quickFast,3,250,250,15.120543492815298,21.7526037399994,0.6951141883309881
normal/medium/adaptive/full/astra,quickFast,6,250,238,18.661248521165756,21.7526037399994,0.8578857383794861
normal/medium/adaptive/full/astra,quickFast,9,250,182,20.262587329024864,21.7526037399994,0.9315016984272716
normal/medium/adaptive/full/astra,typicalNormal,1,250,250,6.811836747066405,9.325198894784984,0.7304762958863912
normal/medium/adaptive/full/astra,typicalNormal,3,250,250,6.6965825330359126,9.325198894784984,0.7181168582667876
normal/medium/adaptive/full/astra,typicalNormal,6,250,238,8.111061885269965,9.325198894784984,0.8698004167831731
normal/medium/adaptive/full/astra,typicalNormal,9,250,182,8.727127712700675,9.325198894784984,0.9358650481526164
normal/medium/adaptive/full/astra,deliberateNormal,1,250,250,4.4738735848858315,5.908120431971908,0.7572414334473241
normal/medium/adaptive/full/astra,deliberateNormal,3,250,250,4.247548845749841,5.908120431971908,0.7189340323470979
normal/medium/adaptive/full/astra,deliberateNormal,6,250,238,5.127228755461184,5.908120431971908,0.8678273935844445
normal/medium/adaptive/full/astra,deliberateNormal,9,250,182,5.523948569710306,5.908120431971908,0.9349756209804648
normal/medium/adaptive/mid/astra,quickFast,1,250,250,14.628184464331754,20.0725206580555,0.7287666912157929
normal/medium/adaptive/mid/astra,quickFast,3,250,250,14.988497577151,20.0725206580555,0.746717257512739
normal/medium/adaptive/mid/astra,quickFast,6,250,242,18.465126716763088,20.0725206580555,0.9199206732091552
normal/medium/adaptive/mid/astra,quickFast,9,250,178,19.548544841065496,20.0725206580555,0.973895863607956
normal/medium/adaptive/mid/astra,typicalNormal,1,250,250,6.811836747066405,8.581306813630853,0.7937994637653837
normal/medium/adaptive/mid/astra,typicalNormal,3,250,250,6.6326654128718205,8.581306813630853,0.7729202039876093
normal/medium/adaptive/mid/astra,typicalNormal,6,250,242,8.01729468291953,8.581306813630853,0.9342743310592945
normal/medium/adaptive/mid/astra,typicalNormal,9,250,178,8.400089301140563,8.581306813630853,0.9788822942209179
normal/medium/adaptive/mid/astra,deliberateNormal,1,250,250,4.4738735848858315,5.468936486004704,0.8180518454245553
normal/medium/adaptive/mid/astra,deliberateNormal,3,250,250,4.212949525517736,5.468936486004704,0.7703416443578921
normal/medium/adaptive/mid/astra,deliberateNormal,6,250,242,5.092053913254932,5.468936486004704,0.9310866795190923
normal/medium/adaptive/mid/astra,deliberateNormal,9,250,178,5.346935961788318,5.468936486004704,0.97769209342098
normal/medium/adaptive/new/astra,quickFast,1,250,250,14.628184464331754,20.596019909485914,0.7102432668359603
normal/medium/adaptive/new/astra,quickFast,3,250,250,15.106452654111418,20.596019909485914,0.7334646558170124
normal/medium/adaptive/new/astra,quickFast,6,250,250,19.27072716590126,20.596019909485914,0.9356529684177349
normal/medium/adaptive/new/astra,quickFast,9,250,218,20.854640513221984,20.596019909485914,1.0125568243220118
normal/medium/adaptive/new/astra,typicalNormal,1,250,250,6.811836747066405,8.804735968326716,0.7736559928168921
normal/medium/adaptive/new/astra,typicalNormal,3,250,250,6.68770022695826,8.804735968326716,0.7595571577632686
normal/medium/adaptive/new/astra,typicalNormal,6,250,250,8.380948975360413,8.804735968326716,0.9518682906005598
normal/medium/adaptive/new/astra,typicalNormal,9,250,218,8.974252031226312,8.804735968326716,1.0192528275134425
normal/medium/adaptive/new/astra,deliberateNormal,1,250,250,4.4738735848858315,5.673556016082392,0.7885484116494288
normal/medium/adaptive/new/astra,deliberateNormal,3,250,250,4.261052732847481,5.673556016082392,0.7510373953776086
normal/medium/adaptive/new/astra,deliberateNormal,6,250,250,5.359896823177242,5.673556016082392,0.9447155907131182
normal/medium/adaptive/new/astra,deliberateNormal,9,250,218,5.7714891921552125,5.673556016082392,1.0172613394130978
normal/medium/flushBuilder/full/astra,quickFast,1,100,100,13.546334390135568,20.756600370028867,0.6526277978399373
normal/medium/flushBuilder/full/astra,quickFast,3,100,100,14.196073405529567,20.756600370028867,0.6839305643725618
normal/medium/flushBuilder/full/astra,quickFast,6,100,98,17.520001023688433,20.756600370028867,0.8440689087499191
normal/medium/flushBuilder/full/astra,quickFast,9,100,81,19.388164341080078,20.756600370028867,0.9340722466803996
normal/medium/flushBuilder/full/astra,typicalNormal,1,100,100,6.251440761738057,8.879821129583338,0.7040052575959251
normal/medium/flushBuilder/full/astra,typicalNormal,3,100,100,6.258561516574629,8.879821129583338,0.7048071605546288
normal/medium/flushBuilder/full/astra,typicalNormal,6,100,98,7.587110931596859,8.879821129583338,0.8544215948585063
normal/medium/flushBuilder/full/astra,typicalNormal,9,100,81,8.327949717355807,8.879821129583338,0.9378510665728437
normal/medium/flushBuilder/full/astra,deliberateNormal,1,100,100,4.060147704790041,5.649511765892451,0.718672315951653
normal/medium/flushBuilder/full/astra,deliberateNormal,3,100,100,3.9490482821064075,5.649511765892451,0.6990070019763164
normal/medium/flushBuilder/full/astra,deliberateNormal,6,100,98,4.7898342400557254,5.649511765892451,0.8478315363414554
normal/medium/flushBuilder/full/astra,deliberateNormal,9,100,81,5.282962100979336,5.649511765892451,0.935118346486847
normal/medium/flushBuilder/new/astra,quickFast,1,100,100,13.546334390135568,20.612320628074784,0.6571959865443259
normal/medium/flushBuilder/new/astra,quickFast,3,100,100,14.13457529134893,20.612320628074784,0.6857343016534047
normal/medium/flushBuilder/new/astra,quickFast,6,100,98,18.092096811254176,20.612320628074784,0.8777321650339571
normal/medium/flushBuilder/new/astra,quickFast,9,100,83,20.221531958017614,20.612320628074784,0.9810410153660768
normal/medium/flushBuilder/new/astra,typicalNormal,1,100,100,6.251440761738057,8.81300735816251,0.7093425101872904
normal/medium/flushBuilder/new/astra,typicalNormal,3,100,100,6.225825207190276,8.81300735816251,0.7064359479314385
normal/medium/flushBuilder/new/astra,typicalNormal,6,100,98,7.83870555283787,8.81300735816251,0.8894472946942166
normal/medium/flushBuilder/new/astra,typicalNormal,9,100,83,8.689141306658323,8.81300735816251,0.9859450870207811
normal/medium/flushBuilder/new/astra,deliberateNormal,1,100,100,4.060147704790041,5.632024738047963,0.7209037413065896
normal/medium/flushBuilder/new/astra,deliberateNormal,3,100,100,3.9351289618277185,5.632024738047963,0.6987059085950711
normal/medium/flushBuilder/new/astra,deliberateNormal,6,100,98,4.975004864987513,5.632024738047963,0.8833421542661459
normal/medium/flushBuilder/new/astra,deliberateNormal,9,100,83,5.537866925405271,5.632024738047963,0.9832817118137648
normal/medium/handRanking/full/astra,quickFast,1,250,250,14.143201327763746,18.26357455640466,0.7743939328023832
normal/medium/handRanking/full/astra,quickFast,3,250,249,14.153413522887451,18.26357455640466,0.774953089231053
normal/medium/handRanking/full/astra,quickFast,6,250,200,16.643037596680376,18.26357455640466,0.911269453046036
normal/medium/handRanking/full/astra,quickFast,9,250,102,17.567630760769017,18.26357455640466,0.9618944367387494
normal/medium/handRanking/full/astra,typicalNormal,1,250,250,6.549770010284232,7.838377389070979,0.8356027893498151
normal/medium/handRanking/full/astra,typicalNormal,3,250,249,6.232756638071315,7.838377389070979,0.7951590397729031
normal/medium/handRanking/full/astra,typicalNormal,6,250,200,7.2015229407686645,7.838377389070979,0.9187517496682057
normal/medium/handRanking/full/astra,typicalNormal,9,250,102,7.555245367584063,7.838377389070979,0.9638787458892083
normal/medium/handRanking/full/astra,deliberateNormal,1,250,250,4.284604267165933,4.983877311888769,0.8596929657448111
normal/medium/handRanking/full/astra,deliberateNormal,3,250,249,3.946504317279453,4.983877311888769,0.7918542272028409
normal/medium/handRanking/full/astra,deliberateNormal,6,250,200,4.558224421676983,4.983877311888769,0.9145940271851369
normal/medium/handRanking/full/astra,deliberateNormal,9,250,102,4.79622302239613,4.983877311888769,0.962347730943336
normal/medium/handRanking/mid/astra,quickFast,1,250,250,14.143201327763746,14.511438054559964,0.9746243807531877
normal/medium/handRanking/mid/astra,quickFast,3,250,247,13.7340918033028,14.511438054559964,0.9464321696902468
normal/medium/handRanking/mid/astra,quickFast,6,250,172,15.386190288716962,14.511438054559964,1.0602801893835825
normal/medium/handRanking/mid/astra,quickFast,9,250,16,14.663186159708532,14.511438054559964,1.0104571376439764
normal/medium/handRanking/mid/astra,typicalNormal,1,250,250,6.549770010284232,6.226368714191897,1.0519405950622873
normal/medium/handRanking/mid/astra,typicalNormal,3,250,247,6.035068027146764,6.226368714191897,0.9692757213993612
normal/medium/handRanking/mid/astra,typicalNormal,6,250,172,6.639233383930656,6.226368714191897,1.0663090621019131
normal/medium/handRanking/mid/astra,typicalNormal,9,250,16,6.293192393547986,6.226368714191897,1.0107323678412712
normal/medium/handRanking/mid/astra,deliberateNormal,1,250,250,4.284604267165933,3.963271994865517,1.0810775219860527
normal/medium/handRanking/mid/astra,deliberateNormal,3,250,247,3.823059720423616,3.963271994865517,0.9646220913872307
normal/medium/handRanking/mid/astra,deliberateNormal,6,250,172,4.215265973414404,3.963271994865517,1.06358230746599
normal/medium/handRanking/mid/astra,deliberateNormal,9,250,16,4.005214208553574,3.963271994865517,1.0105827240074348
normal/medium/handRanking/new/astra,quickFast,1,250,250,14.143201327763746,15.979784427472753,0.8850683431904427
normal/medium/handRanking/new/astra,quickFast,3,250,249,14.147458608491677,15.979784427472753,0.8853347598462651
normal/medium/handRanking/new/astra,quickFast,6,250,220,16.928221693106675,15.979784427472753,1.059352319171675
normal/medium/handRanking/new/astra,quickFast,9,250,60,16.43670578028281,15.979784427472753,1.0285937119417274
normal/medium/handRanking/new/astra,typicalNormal,1,250,250,6.549770010284232,6.846795218462823,0.9566183595826491
normal/medium/handRanking/new/astra,typicalNormal,3,250,249,6.227978305598401,6.846795218462823,0.9096194798997722
normal/medium/handRanking/new/astra,typicalNormal,6,250,220,7.318816604359777,6.846795218462823,1.0689404854148576
normal/medium/handRanking/new/astra,typicalNormal,9,250,60,7.050034138918148,6.846795218462823,1.0296838030013338
normal/medium/handRanking/new/astra,deliberateNormal,1,250,250,4.284604267165933,4.402178371402393,0.9732918354694007
normal/medium/handRanking/new/astra,deliberateNormal,3,250,249,3.957353309954216,4.402178371402393,0.8989534217109721
normal/medium/handRanking/new/astra,deliberateNormal,6,250,220,4.678806368598983,4.402178371402393,1.0628388888086933
normal/medium/handRanking/new/astra,deliberateNormal,9,250,60,4.530211051202605,4.402178371402393,1.0290839373142948
normal/medium/pairBuilder/full/astra,quickFast,1,100,100,14.457465534004564,17.915781445272575,0.8069681793210001
normal/medium/pairBuilder/full/astra,quickFast,3,100,100,14.466389153101417,17.915781445272575,0.8074662663915593
normal/medium/pairBuilder/full/astra,quickFast,6,100,99,17.53548676985056,17.915781445272575,0.9787732019067266
normal/medium/pairBuilder/full/astra,quickFast,9,100,76,18.173831057327384,17.915781445272575,1.0144034806878548
normal/medium/pairBuilder/full/astra,typicalNormal,1,100,100,6.721548106959989,7.639704847933644,0.8798177731667219
normal/medium/pairBuilder/full/astra,typicalNormal,3,100,100,6.38282367963757,7.639704847933644,0.8354804022781024
normal/medium/pairBuilder/full/astra,typicalNormal,6,100,99,7.588462980609388,7.639704847933644,0.9932926901831667
normal/medium/pairBuilder/full/astra,typicalNormal,9,100,76,7.781426192493396,7.639704847933644,1.0185506308660712
normal/medium/pairBuilder/full/astra,deliberateNormal,1,100,100,4.4104626465054615,4.913501945016549,0.8976210238359043
normal/medium/pairBuilder/full/astra,deliberateNormal,3,100,100,4.055589971742674,4.913501945016549,0.82539704209459
normal/medium/pairBuilder/full/astra,deliberateNormal,6,100,99,4.829210876668332,4.913501945016549,0.9828450117062216
normal/medium/pairBuilder/full/astra,deliberateNormal,9,100,76,4.991663217577604,4.913501945016549,1.01590744716003
normal/medium/pairBuilder/new/astra,quickFast,1,100,100,14.457465534004564,14.19500450205024,1.0184896758515585
normal/medium/pairBuilder/new/astra,quickFast,3,100,100,13.962038767927643,14.19500450205024,0.9835881887822614
normal/medium/pairBuilder/new/astra,quickFast,6,100,100,16.444344117334875,14.19500450205024,1.1584599437752734
normal/medium/pairBuilder/new/astra,quickFast,9,100,38,14.963385029769158,14.19500450205024,1.0541303475886843
normal/medium/pairBuilder/new/astra,typicalNormal,1,100,100,6.721548106959989,6.033908250785973,1.1139625973073828
normal/medium/pairBuilder/new/astra,typicalNormal,3,100,100,6.141793540198037,6.033908250785973,1.017879835908677
normal/medium/pairBuilder/new/astra,typicalNormal,6,100,100,7.087070241671244,6.033908250785973,1.1745406040517912
normal/medium/pairBuilder/new/astra,typicalNormal,9,100,38,6.371613100213203,6.033908250785973,1.055967846276622
normal/medium/pairBuilder/new/astra,deliberateNormal,1,100,100,4.4104626465054615,3.9380419231369084,1.1199633555430102
normal/medium/pairBuilder/new/astra,deliberateNormal,3,100,100,3.9192290441000357,3.9380419231369084,0.9952227834532833
normal/medium/pairBuilder/new/astra,deliberateNormal,6,100,100,4.569350064416295,3.9380419231369084,1.1603101626649288
normal/medium/pairBuilder/new/astra,deliberateNormal,9,100,38,4.153380927807468,3.9380419231369084,1.0546817451092616
