"prefix","joker","rarity","winDelta","progressDelta","runs","wins","winRate","avgTerminalHeat","avgHeatsCleared","heatsClearedDelta","avgScore","avgJokerTriggersPerHand","jokerActiveHandRate","over70","progressDeltaExact","avgProgress","terminalHeatDelta","controlRuns","controlWins","controlWinRate","controlAvgProgress","controlAvgTerminalHeat","controlAvgHeatsCleared","controlAvgScore","difficulty"
"PAIRCSV","trainer+survivor","wild+uncommon","0.475000","0.627192","200","162","0.810000","11.7700","11.5800","0.945000","13523.04","3.0112","0.990436","1","0.627192","11.739233","0.470000","200","67","0.335000","11.112041","11.3000","10.6350","12020.96","medium"
"PAIRCSV","trainer+flushfund","wild+uncommon","0.465000","0.642610","200","152","0.760000","11.8050","11.5650","0.970000","14374.44","3.2870","0.994485","1","0.642610","11.759475","0.505000","200","59","0.295000","11.116865","11.3000","10.5950","11927.82","medium"
"PAIRCSV","trainer+rule_breaker","wild+uncommon","0.465000","0.479703","200","156","0.780000","11.7800","11.5600","0.795000","12807.52","2.8385","0.991050","1","0.479703","11.739071","0.330000","200","63","0.315000","11.259368","11.4500","10.7650","12310.33","medium"
"PAIRCSV","flushfund+surge","uncommon+wild","0.425000","0.495944","200","145","0.725000","11.7500","11.4750","0.805000","14736.30","3.1141","0.983145","1","0.495944","11.672680","0.380000","200","60","0.300000","11.176736","11.3700","10.6700","11988.25","medium"
"PAIRCSV","flushfund+safe_cracker","uncommon+wild","0.410000","0.603225","200","142","0.710000","11.8200","11.5300","0.915000","14825.33","2.9484","0.981043","1","0.603225","11.739353","0.505000","200","60","0.300000","11.136127","11.3150","10.6150","12009.71","medium"
"PAIRCSV","rarity_hunter+surge","rare+wild","0.410000","0.506437","200","150","0.750000","11.7750","11.5250","0.795000","16718.69","3.3817","0.991484","1","0.506437","11.711338","0.385000","200","68","0.340000","11.204901","11.3900","10.7300","12112.97","medium"
"PAIRCSV","trainer+safe_cracker","wild+wild","0.405000","0.621326","200","143","0.715000","11.9250","11.6400","0.910000","13424.57","3.3585","0.989899","1","0.621326","11.850270","0.505000","200","62","0.310000","11.228944","11.4200","10.7300","12224.61","medium"
"PAIRCSV","flushfund+survivor","uncommon+uncommon","0.400000","0.271648","200","140","0.700000","11.5450","11.2450","0.570000","14007.84","2.6789","0.960874","0","0.271648","11.453433","0.170000","200","60","0.300000","11.181785","11.3750","10.6750","11998.53","medium"
"PAIRCSV","trainer+danger_music","wild+rare","0.395000","0.670926","200","148","0.740000","11.8450","11.5850","0.955000","13906.14","3.1019","0.987933","1","0.670926","11.797535","0.560000","200","69","0.345000","11.126609","11.2850","10.6300","12109.01","medium"
"PAIRCSV","rarity_hunter+trainer","rare+wild","0.395000","0.435137","200","146","0.730000","11.7150","11.4450","0.715000","15641.86","3.5276","0.999703","1","0.435137","11.651003","0.320000","200","67","0.335000","11.215865","11.3950","10.7300","12032.25","medium"
"PAIRCSV","rule_breaker+safe_cracker","uncommon+wild","0.395000","0.346325","200","154","0.770000","11.7350","11.5050","0.610000","12596.94","2.6256","0.979339","1","0.346325","11.685338","0.215000","200","75","0.375000","11.339013","11.5200","10.8950","12492.28","medium"
"PAIRCSV","surge+survivor","wild+uncommon","0.375000","0.407405","200","143","0.715000","11.5500","11.2650","0.670000","13345.71","2.8186","0.980229","1","0.407405","11.497955","0.295000","200","68","0.340000","11.090549","11.2550","10.5950","12093.77","medium"
"PAIRCSV","surge+safe_cracker","wild+wild","0.370000","0.613772","200","143","0.715000","11.9050","11.6200","0.870000","13815.27","3.2256","0.986457","1","0.613772","11.830032","0.500000","200","69","0.345000","11.216260","11.4050","10.7500","12208.14","medium"
"PAIRCSV","survivor+safe_cracker","uncommon+wild","0.370000","0.411141","200","145","0.725000","11.6950","11.4200","0.650000","13037.20","2.7409","0.979003","1","0.411141","11.643061","0.280000","200","71","0.355000","11.231920","11.4150","10.7700","12233.21","medium"
"PAIRCSV","rarity_hunter+flushfund","rare+uncommon","0.370000","0.253946","200","141","0.705000","11.5250","11.2300","0.550000","15708.68","3.1339","0.971556","1","0.253946","11.428350","0.180000","200","67","0.335000","11.174404","11.3450","10.6800","11883.08","medium"
"PAIRCSV","trainer+surge","wild+wild","0.365000","0.706755","200","140","0.700000","11.8800","11.5800","0.950000","13643.43","3.4782","0.989320","0","0.706755","11.813747","0.585000","200","67","0.335000","11.106992","11.2950","10.6300","12003.52","medium"
"PAIRCSV","rarity_hunter+ensemble","rare+rare","0.365000","0.497961","200","146","0.730000","11.7450","11.4750","0.740000","17700.72","3.5837","1.000000","1","0.497961","11.682162","0.375000","200","73","0.365000","11.184201","11.3700","10.7350","11987.52","medium"
"PAIRCSV","rarity_hunter+safe_cracker","rare+wild","0.365000","0.335662","200","147","0.735000","11.7450","11.4800","0.580000","17285.93","3.3392","0.996296","1","0.335662","11.683904","0.215000","200","74","0.370000","11.348242","11.5300","10.9000","12397.39","medium"
"PAIRCSV","rarity_hunter+blood_money","rare+wild","0.365000","0.024360","200","145","0.725000","11.3850","11.1100","0.290000","18563.88","3.5143","0.959473","1","0.024360","11.296311","-0.075000","200","72","0.360000","11.271951","11.4600","10.8200","12104.80","medium"
"PAIRCSV","danger_music+survivor","rare+uncommon","0.360000","0.325426","200","140","0.700000","11.4550","11.1550","0.605000","13027.27","2.4418","0.947300","0","0.325426","11.381813","0.245000","200","68","0.340000","11.056388","11.2100","10.5500","12114.53","medium"
"PAIRCSV","flushfund+rule_breaker","uncommon+uncommon","0.355000","0.006153","200","132","0.660000","11.2650","10.9250","0.275000","12508.92","2.4448","0.958209","0","0.006153","11.172705","-0.080000","200","61","0.305000","11.166552","11.3450","10.6500","12064.84","medium"
"PAIRCSV","trainer+blood_money","wild+wild","0.350000","0.427473","200","136","0.680000","11.7750","11.4550","0.655000","14116.98","3.5297","1.000000","0","0.427473","11.711336","0.305000","200","66","0.330000","11.283863","11.4700","10.8000","12224.89","medium"
"PAIRCSV","rarity_hunter+danger_music","rare+rare","0.345000","0.304688","200","140","0.700000","11.4900","11.1900","0.565000","14768.36","2.9205","0.970778","0","0.304688","11.405574","0.220000","200","71","0.355000","11.100886","11.2700","10.6250","11685.48","medium"
"PAIRCSV","rarity_hunter+survivor","rare+uncommon","0.345000","0.084842","200","138","0.690000","11.3650","11.0550","0.325000","14113.02","2.8861","0.974270","0","0.084842","11.287969","-0.020000","200","69","0.345000","11.203127","11.3850","10.7300","12104.69","medium"
"PAIRCSV","flushfund+blood_money","uncommon+wild","0.340000","0.254761","200","134","0.670000","11.5950","11.2650","0.540000","15087.56","3.1168","0.970314","0","0.254761","11.479655","0.200000","200","66","0.330000","11.224894","11.3950","10.7250","12007.82","medium"
"PAIRCSV","surge+rule_breaker","wild+uncommon","0.340000","0.150697","200","138","0.690000","11.4600","11.1500","0.370000","11931.48","2.5956","0.980032","0","0.150697","11.393741","0.030000","200","70","0.350000","11.243044","11.4300","10.7800","12278.58","medium"
"PAIRCSV","rarity_hunter+overclock","rare+wild","0.335000","-0.005683","200","137","0.685000","11.2950","10.9800","0.235000","22072.65","3.5591","0.967684","0","-0.005683","11.195584","-0.100000","200","70","0.350000","11.201268","11.3950","10.7450","11834.28","medium"
"PAIRCSV","surge+danger_music","wild+rare","0.330000","0.581505","200","135","0.675000","11.7150","11.3900","0.835000","13537.08","2.8787","0.976294","0","0.581505","11.640487","0.505000","200","69","0.345000","11.058982","11.2100","10.5550","12117.62","medium"
"PAIRCSV","flushfund+ensemble","uncommon+rare","0.330000","0.543477","200","134","0.670000","11.7900","11.4600","0.780000","14632.48","3.2111","0.996067","0","0.543477","11.711825","0.450000","200","68","0.340000","11.168349","11.3400","10.6800","11895.05","medium"
"PAIRCSV","blood_money+survivor","wild+uncommon","0.330000","0.146359","200","135","0.675000","11.4650","11.1400","0.370000","13632.85","2.8402","0.975515","0","0.146359","11.385697","0.040000","200","69","0.345000","11.239339","11.4250","10.7700","12167.72","medium"
"PAIRCSV","trainer+ensemble","wild+rare","0.325000","0.705656","200","132","0.660000","11.9850","11.6450","0.920000","13640.55","3.5988","0.999763","0","0.705656","11.917063","0.595000","200","67","0.335000","11.211407","11.3900","10.7250","12019.55","medium"
"PAIRCSV","trainer+overclock","wild+wild","0.325000","0.366504","200","131","0.655000","11.7000","11.3550","0.580000","15547.27","3.5497","0.999696","0","0.366504","11.627144","0.255000","200","66","0.330000","11.260640","11.4450","10.7750","12039.68","medium"
"PAIRCSV","survivor+ensemble","uncommon+rare","0.315000","0.352984","200","131","0.655000","11.6300","11.2850","0.545000","13358.70","2.9464","0.999288","0","0.352984","11.567764","0.230000","200","68","0.340000","11.214780","11.4000","10.7400","12104.48","medium"
"PAIRCSV","rarity_hunter+purist","rare+rare","0.315000","0.147095","200","132","0.660000","11.3850","11.0450","0.380000","17439.70","3.4981","0.962556","0","0.147095","11.290420","0.065000","200","69","0.345000","11.143325","11.3200","10.6650","11829.66","medium"
"PAIRCSV","blood_money+rule_breaker","wild+uncommon","0.315000","0.124220","200","139","0.695000","11.5200","11.2150","0.345000","13122.43","2.8313","0.976197","0","0.124220","11.437698","0.030000","200","76","0.380000","11.313477","11.4900","10.8700","12410.37","medium"
"PAIRCSV","trainer+purist","wild+rare","0.310000","0.528723","200","128","0.640000","11.7600","11.4000","0.740000","13635.79","3.5238","0.999744","0","0.528723","11.684217","0.430000","200","66","0.330000","11.155494","11.3300","10.6600","11889.52","medium"
"PAIRCSV","surge+purist","wild+rare","0.310000","0.393918","200","130","0.650000","11.6550","11.3050","0.615000","13925.95","3.3209","0.986814","0","0.393918","11.561469","0.305000","200","68","0.340000","11.167551","11.3500","10.6900","12022.90","medium"
"PAIRCSV","rarity_hunter+rule_breaker","rare+uncommon","0.305000","-0.049425","200","136","0.680000","11.4050","11.0850","0.165000","13681.61","2.8493","0.971889","0","-0.049425","11.314231","-0.140000","200","75","0.375000","11.363656","11.5450","10.9200","12456.86","medium"
"PAIRCSV","blood_money+surge","wild+wild","0.300000","0.409346","200","128","0.640000","11.7450","11.3850","0.615000","14604.19","3.3176","0.990142","0","0.409346","11.650459","0.315000","200","68","0.340000","11.241113","11.4300","10.7700","12173.59","medium"
"PAIRCSV","flushfund+danger_music","uncommon+rare","0.295000","0.341440","200","129","0.645000","11.6250","11.2700","0.570000","14065.77","2.7114","0.955083","0","0.341440","11.532825","0.275000","200","70","0.350000","11.191385","11.3500","10.7000","12130.01","medium"
"PAIRCSV","blood_money+danger_music","wild+rare","0.295000","0.325900","200","131","0.655000","11.5650","11.2200","0.550000","13577.12","2.9774","0.974906","0","0.325900","11.466045","0.255000","200","72","0.360000","11.140145","11.3100","10.6700","11790.65","medium"
"PAIRCSV","surge+overclock","wild+wild","0.295000","0.323047","200","126","0.630000","11.6200","11.2500","0.525000","16214.55","3.3260","0.990028","0","0.323047","11.524709","0.230000","200","67","0.335000","11.201662","11.3900","10.7250","12065.25","medium"
"PAIRCSV","rule_breaker+danger_music","uncommon+rare","0.290000","0.195990","200","133","0.665000","11.4750","11.1400","0.400000","12442.03","2.3923","0.955197","0","0.195990","11.398279","0.110000","200","75","0.375000","11.202289","11.3650","10.7400","12090.17","medium"
"PAIRCSV","overclock+survivor","wild+uncommon","0.290000","0.010346","200","126","0.630000","11.3050","10.9350","0.210000","15173.33","2.9050","0.977603","0","0.010346","11.210234","-0.080000","200","68","0.340000","11.199887","11.3850","10.7250","12059.39","medium"
"PAIRCSV","purist+survivor","rare+uncommon","0.285000","-0.004987","200","124","0.620000","11.2850","10.9050","0.185000","13017.94","2.8505","0.973658","0","-0.004987","11.194551","-0.100000","200","67","0.335000","11.199538","11.3850","10.7200","12077.58","medium"
"PAIRCSV","flushfund+purist","uncommon+rare","0.280000","0.240047","200","120","0.600000","11.5350","11.1350","0.470000","14363.23","3.1509","0.969822","0","0.240047","11.406587","0.190000","200","64","0.320000","11.166540","11.3450","10.6650","11881.93","medium"
"PAIRCSV","rule_breaker+overclock","uncommon+wild","0.280000","-0.070463","200","134","0.670000","11.3500","11.0200","0.125000","14351.27","2.8679","0.978627","0","-0.070463","11.257952","-0.155000","200","78","0.390000","11.328415","11.5050","10.8950","12403.24","medium"
"PAIRCSV","surge+ensemble","wild+rare","0.275000","0.573235","200","122","0.610000","11.8900","11.5000","0.760000","13665.69","3.3903","0.998561","0","0.573235","11.789789","0.485000","200","67","0.335000","11.216555","11.4050","10.7400","12112.75","medium"
"PAIRCSV","rule_breaker+purist","uncommon+rare","0.270000","-0.017300","200","128","0.640000","11.3650","11.0050","0.175000","12464.73","2.8122","0.976989","0","-0.017300","11.275184","-0.095000","200","74","0.370000","11.292484","11.4600","10.8300","12420.70","medium"
"PAIRCSV","danger_music+safe_cracker","rare+wild","0.260000","0.569530","200","128","0.640000","11.8500","11.4900","0.755000","13498.19","2.8746","0.975176","0","0.569530","11.762680","0.495000","200","76","0.380000","11.193150","11.3550","10.7350","12075.64","medium"
"PAIRCSV","danger_music+ensemble","rare+rare","0.260000","0.565939","200","124","0.620000","11.7650","11.3850","0.740000","13586.89","3.1117","0.996602","0","0.565939","11.680403","0.480000","200","72","0.360000","11.114464","11.2850","10.6450","11749.19","medium"
"PAIRCSV","flushfund+overclock","uncommon+wild","0.260000","0.042649","200","119","0.595000","11.3850","10.9800","0.270000","16721.29","3.1042","0.971197","0","0.042649","11.249202","0.010000","200","67","0.335000","11.206553","11.3750","10.7100","11846.51","medium"
"PAIRCSV","rule_breaker+ensemble","uncommon+rare","0.255000","0.197360","200","127","0.635000","11.6250","11.2600","0.340000","12633.95","2.8846","0.999310","0","0.197360","11.558059","0.085000","200","76","0.380000","11.360699","11.5400","10.9200","12620.32","medium"
"PAIRCSV","blood_money+safe_cracker","wild+wild","0.250000","0.426311","200","126","0.630000","11.8150","11.4450","0.590000","14861.73","3.3105","0.994220","0","0.426311","11.723469","0.340000","200","76","0.380000","11.297157","11.4750","10.8550","12353.68","medium"
"PAIRCSV","blood_money+ensemble","wild+rare","0.250000","0.418410","200","123","0.615000","11.7900","11.4050","0.575000","15175.92","3.5664","0.999453","0","0.418410","11.699944","0.325000","200","73","0.365000","11.281535","11.4650","10.8300","12255.41","medium"
"PAIRCSV","overclock+ensemble","wild+rare","0.240000","0.451056","200","119","0.595000","11.7600","11.3550","0.600000","17323.66","3.5981","0.999690","0","0.451056","11.662792","0.360000","200","71","0.355000","11.211736","11.4000","10.7550","11977.98","medium"
"PAIRCSV","danger_music+overclock","rare+wild","0.240000","0.240742","200","118","0.590000","11.4800","11.0700","0.430000","14777.68","2.9325","0.978454","0","0.240742","11.358769","0.190000","200","70","0.350000","11.118027","11.2900","10.6400","11680.52","medium"
"PAIRCSV","blood_money+purist","wild+rare","0.235000","0.134591","200","117","0.585000","11.4750","11.0600","0.310000","15082.83","3.4881","0.969441","0","0.134591","11.363320","0.075000","200","70","0.350000","11.228729","11.4000","10.7500","12090.08","medium"
"PAIRCSV","purist+safe_cracker","rare+wild","0.215000","0.385888","200","117","0.585000","11.7650","11.3500","0.535000","14171.73","3.3025","0.995999","0","0.385888","11.664227","0.320000","200","74","0.370000","11.278339","11.4450","10.8150","12375.89","medium"
"PAIRCSV","purist+ensemble","rare+rare","0.210000","0.519753","200","113","0.565000","11.7650","11.3300","0.655000","14549.55","3.5642","0.999202","0","0.519753","11.667195","0.445000","200","71","0.355000","11.147442","11.3200","10.6750","11900.86","medium"
"PAIRCSV","blood_money+overclock","wild+wild","0.210000","-0.016604","200","119","0.595000","11.3600","10.9550","0.135000","17930.72","3.5331","0.973532","0","-0.016604","11.240760","-0.075000","200","77","0.385000","11.257363","11.4350","10.8200","12110.99","medium"
"PAIRCSV","purist+overclock","rare+wild","0.205000","0.081037","200","107","0.535000","11.3700","10.9050","0.240000","17120.03","3.5248","0.975025","0","0.081037","11.238617","0.035000","200","66","0.330000","11.157581","11.3350","10.6650","11794.55","medium"
"PAIRCSV","safe_cracker+ensemble","wild+rare","0.200000","0.461341","200","115","0.575000","11.9050","11.4800","0.580000","13872.84","3.3961","0.998262","0","0.461341","11.806627","0.380000","200","75","0.375000","11.345286","11.5250","10.9000","12560.84","medium"
"PAIRCSV","overclock+safe_cracker","wild+wild","0.200000","0.262977","200","117","0.585000","11.6850","11.2700","0.395000","16608.12","3.3281","0.995240","0","0.262977","11.575539","0.195000","200","77","0.385000","11.312563","11.4900","10.8750","12349.07","medium"
"PAIRCSV","danger_music+purist","rare+rare","0.200000","0.217916","200","113","0.565000","11.4700","11.0350","0.370000","13116.62","3.0317","0.974142","0","0.217916","11.348286","0.170000","200","73","0.365000","11.130370","11.3000","10.6650","11881.68","medium"
"PAIRCSV","rule_breaker+survivor","uncommon+uncommon","0.065000","-0.927729","200","84","0.420000","10.4350","9.8550","-0.925000","9650.17","2.1006","0.941836","0","-0.927729","10.313541","-0.990000","200","71","0.355000","11.241270","11.4250","10.7800","12273.07","medium"
